0.026301650330424,0.22940351068974,-0.020318618044257,-0.024655219167471,-0.061879441142082,0.05616806820035,-0.032505936920643,0.0027664841618389,-0.12333044409752,-0.012439276091754,0.049026742577553,0.00053176481742412,0.06165436655283,-0.048843719065189,-0.10026529431343,-0.051212981343269,-0.03380498290062,-0.08026959002018,-0.056771900504827,0.10959084331989,0.048093296587467,-0.10771314799786,0.046683099120855,-0.066184274852276,0.033686198294163,-0.0021701152436435,-0.00095507601508871,0.008443271741271,0.019941804930568,0.0300248619169,-0.023315845057368,-0.1238354369998,-0.0019527412950993,0.025116881355643,-0.058153744786978,-0.042890161275864,-0.068734616041183,0.19295996427536,0.0072266641072929,0.018868535757065,-0.11079268157482,-0.059045977890491,0.017734153196216,0.089897476136684,-0.053444288671017,0.043177746236324,0.11430924385786,-0.065738879144192,-0.17165158689022,0.10750487446785,0.075059317052364,0.17900244891644,-0.14392460882664,0.058789983391762,0.049328330904245,-0.06487687677145,-0.042929887771606,0.031394269317389,0.03428066149354,-0.15306663513184,-0.04896404966712,-0.080219075083733,0.13816474378109,-0.055133856832981,0.036209128797054,-0.11125614494085,0.0045493901707232,0.048640232533216,-0.096934430301189,0.073904976248741,0.10820008069277,0.042063347995281,-0.0080195777118206,0.043606135994196,0.059588272124529,0.0038238319102675,-0.027551641687751,0.025472071021795,0.040568485856056,0.17569716274738,-0.14482372999191,-0.11703499406576,0.093990787863731,0.060201052576303,-0.064698070287704,-0.062680661678314,0.0036962160374969,-0.0029293522238731,0.16691945493221,-0.02472623065114,-0.11467389762402,-0.17160499095917,0.023917006328702,0.020669272169471,-0.025873765349388,-0.181267619133,0.10700289160013,0.0761963352561,-0.057499811053276,-0.10407318174839,-0.10589215159416,0.20948216319084,-0.033268980681896,0.16240774095058,-0.11093945801258,0.067388325929642,-0.028815474361181,0.20564386248589,0.11061714589596,-0.14611050486565,0.033110991120338,0.058884609490633,-0.15308193862438,0.15303158760071,0.034463111311197,-0.001265429193154,-0.054842304438353,-0.037505462765694,0.075891561806202,0.10471569746733,-0.068812273442745,0.028705818578601,-0.017473451793194,0.0094076823443174,0.13074894249439,-0.016869997605681,0.16413831710815,0.025102082639933
0.030271288007498,0.10799381136894,-0.08432774990797,0.023720243945718,0.0032745525240898,0.068349912762642,0.014924361370504,-0.0094789443537593,-0.033952854573727,0.22833909094334,0.12288688123226,-0.017663484439254,0.059811189770699,-0.031296629458666,-0.015912789851427,0.04773585870862,0.06338819861412,0.16924278438091,0.01922570541501,-0.063100345432758,0.091459654271603,-0.14343068003654,0.097558617591858,-0.11465715616941,0.094327963888645,-0.026683948934078,0.0037083721254021,-0.041555780917406,0.03263621404767,0.067161574959755,-0.014118243940175,0.081271655857563,0.059277202934027,0.014706471934915,0.037372585386038,-0.10654178261757,-0.019025413319468,0.12003160268068,0.1798410564661,-0.095992304384708,-0.1063265427947,-0.086247779428959,-0.025847110897303,-0.036273416131735,-0.079046152532101,-0.13908262550831,-0.048988562077284,-0.0013042381033301,-0.057986028492451,-0.075400695204735,0.14272508025169,0.1808090955019,-0.068108282983303,0.0095587642863393,-0.090635724365711,-0.00076873775105923,0.14641019701958,-0.11110265552998,-0.07393691688776,-0.041495591402054,-0.025031024590135,-0.17453630268574,0.073016248643398,-0.10138669610023,0.095914848148823,0.048149526119232,-0.11521862447262,0.14161716401577,-0.078812725841999,0.09115519374609,0.013678485527635,0.0627401471138,-0.12249704450369,-0.087266571819782,-0.078207470476627,-0.037041563540697,0.059575010091066,-0.025642056018114,-0.03259065002203,0.0028875297866762,-0.18264254927635,-0.066789858043194,0.090392835438251,0.048044946044683,-0.04420094192028,-0.041211370378733,-0.0041983593255281,0.019994542002678,0.19449169933796,-0.044873427599669,-0.13056069612503,-0.077608980238438,-0.0083602946251631,0.084117464721203,-0.001082064001821,-0.14358451962471,-0.028239615261555,0.086740061640739,-0.066357083618641,-0.0085642356425524,0.12224688380957,0.05130372941494,-0.030869405716658,0.10428938269615,0.192377820611,-0.0012072933604941,0.083326391875744,0.018848119303584,0.1614686101675,-0.092534467577934,-0.16114634275436,0.029183177277446,0.0024798628874123,0.090399466454983,0.16681781411171,-0.038209676742554,-0.034179653972387,0.035481236875057,0.10953450202942,0.078068591654301,0.020440658554435,-0.070793531835079,0.010069417767227,-0.015105746686459,0.15947470068932,0.0069807688705623,0.13660731911659,0.067737393081188
-0.046088255941868,0.10052251815796,0.041173283010721,-0.083812691271305,0.084521174430847,0.1500131636858,-0.046111911535263,0.16372038424015,-0.094939962029457,0.21397794783115,-0.018692201003432,-0.033830381929874,-0.021003592759371,-0.078205078840256,0.16331112384796,-0.08913192898035,0.038554865866899,0.084441184997559,0.12119506299496,-0.039205450564623,-0.032017603516579,-0.032243844121695,0.099443294107914,-0.13742323219776,0.064985617995262,-0.078601822257042,-0.0052301157265902,0.01173999812454,-0.0065621174871922,-0.1183247640729,0.06142932921648,-0.12382782250643,0.081422291696072,0.013790812343359,0.087408997118473,-0.0036448091268539,0.10232042521238,-0.064713045954704,0.07076421380043,-0.082968026399612,0.056937951594591,-0.062448058277369,0.032223653048277,-0.052944038063288,-0.17849859595299,-0.055070400238037,0.020582597702742,0.031598314642906,-0.071052707731724,0.043504644185305,0.028531905263662,0.081994965672493,-0.09085302054882,0.040636118501425,-0.032566830515862,0.0016680920962244,0.087623983621597,-0.18346424400806,-0.10364152491093,-0.062695041298866,-0.05175918713212,-0.027363497763872,-0.039132382720709,-0.14520594477654,0.10668577998877,0.031606357544661,-0.054341334849596,0.099708311259747,-0.041087843477726,0.11321473121643,0.044002000242472,0.11060694605112,-0.08142164349556,-0.054522156715393,0.0028860529419035,0.05115681886673,-0.017380479723215,0.094568438827991,0.11068172752857,-0.085376106202602,-0.21430100500584,0.006741750985384,0.13626885414124,0.19674256443977,0.065811656415462,-0.024733781814575,0.014923927374184,0.1651064902544,0.20365557074547,0.043199066072702,-0.029965756461024,-0.0028987152036279,0.015161104500294,0.058356873691082,-0.026504734531045,-0.19810318946838,0.0098826922476292,0.12146760523319,-0.20672586560249,-0.036137748509645,0.033336605876684,0.040366105735302,-0.025995288044214,-0.091636404395103,0.10787169635296,0.081352241337299,0.060283429920673,-0.070812456309795,0.066655911505222,0.042448859661818,-0.07901406288147,-0.040096335113049,0.057897716760635,0.053811077028513,0.06629303842783,-0.11404117196798,0.023078745231032,-0.061117976903915,0.046303931623697,0.07038951665163,0.093375690281391,-0.075266532599926,0.01488885935396,0.0021770710591227,0.10852267593145,-0.039512325078249,0.16278697550297,0.090273573994637
0.050810050219297,0.050846505910158,-0.03906611353159,0.017602182924747,0.040253054350615,0.21721263229847,-0.015370552428067,-0.068554237484932,0.027851171791553,-0.051278255879879,0.028534505516291,0.10450360924006,0.11682730168104,-0.11528947204351,0.010494457557797,0.032853994518518,-0.085973367094994,-0.02529164031148,-0.14077830314636,0.14621153473854,0.10337928682566,-0.054089639335871,0.068428844213486,0.16102343797684,-0.040853094309568,-0.032584678381681,-0.10748759657145,-0.22670915722847,-0.077691286802292,0.090441137552261,0.086569271981716,0.084012046456337,-0.01109928265214,0.14477068185806,-0.040706805884838,0.11298195272684,0.051677875220776,0.087451800704002,-0.019977875053883,0.043796010315418,0.029318125918508,-0.092049799859524,0.0097453286871314,-0.028803592547774,-0.076258338987827,-0.094955615699291,0.16509373486042,-0.010185458697379,-0.076150991022587,0.13775564730167,0.061868589371443,-0.15202677249908,-0.047050729393959,0.075396478176117,0.15504018962383,0.065811596810818,-0.055709801614285,0.1178582534194,-0.021220076829195,-0.079928018152714,-0.13154545426369,0.02018503472209,0.13181196153164,-0.28044486045837,0.10553503781557,-0.066014260053635,0.037437092512846,0.028289742767811,-0.15847836434841,0.044939622282982,-0.0027146451175213,0.091124296188354,-0.10946646332741,0.023520857095718,0.070638783276081,0.045208871364594,0.0077819731086493,0.040096808224916,0.018160814419389,0.097179405391216,-0.025889508426189,0.023514593020082,-0.0041515994817019,0.011029952205718,-0.095828853547573,0.096570305526257,0.066159352660179,-0.025356257334352,-0.0082876067608595,0.067521579563618,0.012500155717134,-0.24500341713428,0.017420809715986,0.057335626333952,-0.089489199221134,0.016383988782763,-0.07372710108757,0.021954912692308,0.031617965549231,0.035929903388023,-0.0065973908640444,-0.046512424945831,-0.13118924200535,0.13619104027748,-0.047229800373316,0.079604081809521,-0.13792951405048,0.021375000476837,-0.11664360761642,-0.012286089360714,-0.097609892487526,0.11667826026678,-0.024603703990579,0.0001993279583985,0.014442109502852,0.082048080861568,-0.072433143854141,-0.051581792533398,-0.061268884688616,0.1927876919508,0.10282671451569,0.021753907203674,0.059641949832439,0.089068941771984,-0.017529526725411,0.075265489518642,-0.0075827050022781,-0.012780183926225
0.00062466779490933,0.11292610317469,-0.012577290646732,-0.011194337159395,0.12780548632145,0.1510748565197,0.10221639275551,0.049585048109293,0.0040465430356562,0.1561017781496,0.014703331515193,-0.057511441409588,0.013337172567844,0.032409712672234,0.18427687883377,-0.070222675800323,0.046320401132107,0.16146166622639,0.028119964525104,-0.16571515798569,0.077630929648876,-0.066404789686203,-0.046987056732178,-0.11098705232143,0.20827196538448,-0.15685074031353,-0.15682072937489,0.033647961914539,-0.0095585146918893,0.053226798772812,0.11320127546787,0.06864695250988,-0.025268375873566,0.056361753493547,0.081383667886257,-0.022740183398128,0.054256416857243,-0.15602798759937,0.15060241520405,-0.14395640790462,0.14035154879093,-0.039995640516281,0.17999683320522,0.0070125511847436,-0.10063149034977,-0.1604588329792,-0.033010456711054,0.023571906611323,0.013224449008703,-0.10564197599888,0.033336754888296,-0.0060430518351495,-0.071632869541645,-0.0064973621629179,-0.018489051610231,0.084039270877838,-0.061945822089911,-0.024954734370112,-0.061570808291435,-0.068985737860203,-0.054949659854174,-0.052357047796249,-0.038194995373487,-0.14159728586674,0.033132523298264,0.19358149170876,-0.055999033153057,0.056067805737257,-0.076784186065197,0.078559443354607,0.076730698347092,0.16785319149494,-0.05300921946764,-0.11179845780134,-0.071767583489418,0.022518333047628,0.010167240165174,-0.052990473806858,-0.0084826210513711,-0.11025179177523,-0.12602685391903,0.084239810705185,0.13963744044304,0.11747839301825,0.0073271822184324,0.013495556078851,0.055230479687452,0.033638056367636,0.14479027688503,0.034844603389502,0.0019222988048568,-0.099408805370331,-0.040760658681393,-0.079996854066849,-0.03697681427002,-0.12186672538519,-0.084812141954899,0.066304288804531,-0.14156951010227,0.049569621682167,0.021148636937141,0.012492997571826,0.098585292696953,-0.013944311067462,0.0029412533622235,0.090826153755188,-0.019946023821831,0.0004082094237674,0.021586481481791,0.017738385125995,-0.047743812203407,-0.10587217658758,-0.097765229642391,0.028690429404378,0.11728472262621,-0.1121376901865,0.068626083433628,-0.004538950510323,0.086595490574837,0.052727688103914,0.17607729136944,-0.043651226907969,0.0067563839256763,0.073856204748154,0.061568848788738,-0.076557859778404,0.11674471199512,0.089252591133118
0.035123374313116,0.06833440810442,0.13039836287498,-0.097642675042152,0.15872494876385,0.1947683095932,0.10546077042818,0.061751827597618,-0.15231476724148,0.057080216705799,-0.03443655371666,0.047145444899797,0.056231688708067,0.077804386615753,0.23943842947483,-0.1097075343132,-0.009032174013555,0.0012643097434193,0.015059541910887,0.027548743411899,0.035149801522493,0.12053914368153,0.054690517485142,-0.020527917891741,-0.019913639873266,-0.035766024142504,-0.15590128302574,-0.034455932676792,0.12519419193268,0.0037146068643779,-0.045525118708611,-0.0046211518347263,-0.050346311181784,0.033141016960144,0.047929160296917,0.055884175002575,0.036507118493319,0.081276617944241,-0.0003654154133983,0.04751668125391,0.10014782100916,0.083629541099072,-0.095808662474155,-0.13272452354431,-0.25848400592804,0.11898609995842,0.043341927230358,-0.039480984210968,-0.099241092801094,-0.017637081444263,-0.02980313450098,0.085925936698914,-0.092674620449543,0.065079070627689,0.044584803283215,0.023364720866084,0.063590563833714,0.1078792437911,-0.15485960245132,0.048965465277433,-0.075605191290379,0.074975728988647,0.047174427658319,-0.16705864667892,0.1481419056654,0.039130244404078,0.070151090621948,0.10751017183065,-0.077058345079422,0.11991798877716,0.13973222672939,0.17018982768059,-0.023467984050512,0.034460037946701,0.070024602115154,0.14535564184189,-0.10703098773956,-0.043420143425465,0.11406398564577,-0.071331456303596,-0.064743585884571,0.092644952237606,0.10026905685663,0.11569703370333,0.042198322713375,-0.076354548335075,0.12288852035999,0.076255217194557,-0.025546155869961,0.077874198555946,0.097273401916027,-0.059108287096024,0.031711887568235,0.080960877239704,-0.078864306211472,-0.22670994699001,0.030102852731943,0.049753498286009,-0.0072364183142781,0.02615530602634,-0.0031223639380187,0.063268482685089,-0.038730889558792,0.0033795554190874,-0.15907491743565,0.12184834480286,-0.014312747865915,-0.027909059077501,0.055651783943176,-0.025046404451132,0.063675083220005,0.019037313759327,-0.045267317444086,0.0046525816433132,0.061568327248096,0.051599372178316,-0.077458210289478,-0.096052095293999,-0.069290228188038,0.12182401865721,0.061602119356394,-0.073683045804501,-0.031766042113304,0.024782963097095,0.048342153429985,0.12701524794102,0.040594406425953,0.014477007091045
-0.0029329480603337,0.24063575267792,0.096396952867508,0.065788790583611,0.027889551594853,0.083711005747318,0.031587827950716,0.070142492651939,-0.038863692432642,0.12752012908459,0.032679297029972,-0.078942991793156,-0.011393262073398,-0.097586654126644,0.095003873109818,-0.063107490539551,0.059660214930773,0.1230521723628,-0.029745556414127,-0.050665467977524,0.045509278774261,-0.10510957986116,0.018123794347048,-0.15295302867889,0.13225781917572,-0.18536415696144,-0.1913376301527,0.040641453117132,0.0061405692249537,-0.01544379722327,0.065640673041344,0.0080795725807548,8.1280690210406e-05,0.031614474952221,0.075514487922192,-0.07846973836422,0.091265849769115,0.0087888278067112,0.11123088002205,-0.085002444684505,0.030874531716108,-0.022689959034324,0.07338597625494,-0.10907877981663,-0.074746020138264,-0.084323890507221,0.02213074080646,-0.04815711826086,-0.076971895992756,0.0098214000463486,0.070452839136124,0.12960284948349,-0.1266475468874,0.052406966686249,-0.07020465284586,-0.04240957647562,0.046748477965593,-0.2137399315834,-0.043772518634796,-0.098172798752785,-0.016707915812731,-0.04978696256876,-0.10903681814671,-0.17449021339417,0.064181350171566,0.067933142185211,0.01646650582552,0.015489487908781,-0.095399342477322,0.067506365478039,0.10107645392418,0.11452354490757,-0.0052424711175263,0.017143547534943,-0.035570632666349,-0.006529176607728,0.0037434534169734,0.02179954200983,0.035462077707052,-0.029296070337296,-0.20564760267735,0.023323131725192,0.084907777607441,0.13402605056763,0.082172632217407,0.044786639511585,-0.045813575387001,0.040267117321491,0.15552708506584,-0.0099590150639415,-0.077293135225773,-0.080127537250519,0.024677893146873,-0.029308516532183,-0.044951621443033,-0.21778903901577,0.015142927877605,0.07983985543251,-0.19148634374142,0.021262478083372,-0.03267963975668,0.055442243814468,0.028463402763009,0.066804222762585,0.091151490807533,0.076161853969097,0.10749336332083,0.088502705097198,0.11675357818604,0.028665792196989,-0.12746369838715,-0.06861924380064,-0.073486112058163,0.084575057029724,0.059728421270847,-0.1467427611351,-0.0049592945724726,-0.01010986790061,0.068338543176651,0.0054121492430568,0.0027802905533463,0.068583227694035,-0.0024199897889048,0.079028084874153,0.21235476434231,-0.1043952703476,0.17119747400284,0.031446851789951
-0.0069789332337677,0.16274826228619,-0.086625277996063,-0.063409738242626,0.10215750336647,0.068548232316971,-0.029037090018392,0.044044621288776,-0.18818980455399,0.22011949121952,-0.01040233951062,-0.065924152731895,0.063552014529705,-0.006191982422024,0.11639047414064,-0.026649007573724,0.10601521283388,0.019309677183628,0.12636137008667,0.047654498368502,-0.040462423115969,-0.1409799605608,0.15166884660721,-0.16008092463017,0.097174324095249,-0.046593464910984,-0.060513719916344,-0.02249414473772,0.042342882603407,-0.051153786480427,0.039564684033394,-0.054957862943411,0.024885460734367,-0.057773441076279,0.032104000449181,-0.00041323387995362,0.032855097204447,0.080262519419193,0.130087018013,-0.05630436912179,-0.031898263841867,-0.0096734296530485,0.0061020064167678,-0.032564245164394,-0.18234488368034,0.088301137089729,0.062089081853628,0.052494049072266,-0.072956807911396,-0.006263526622206,0.031011318787932,0.16915811598301,-0.1031147763133,-0.0040210038423538,-0.062714047729969,-0.070497497916222,0.13173611462116,-0.086585156619549,-0.0058753830380738,-0.052771240472794,-0.038219902664423,-0.015328750945628,0.0074901711195707,-0.12638728320599,0.099298015236855,-0.006656926125288,-0.060834523290396,0.17454726994038,-0.0030110231600702,0.042737331241369,0.088319383561611,0.1712706387043,-0.063731417059898,-0.031973626464605,0.0365294739604,0.058420572429895,-0.04769604280591,0.10430777072906,0.10636047273874,0.027747744694352,-0.21257057785988,-0.041737403720617,0.093108363449574,0.16975194215775,0.0061122253537178,-0.026358019560575,-0.013654165901244,0.10989721119404,0.17262788116932,-0.096678867936134,-0.090771824121475,0.025105321779847,0.074401058256626,0.021980118006468,-0.020128134638071,-0.27929928898811,0.088539838790894,0.15881544351578,-0.16588860750198,-0.11625058203936,-0.022941764444113,0.084957882761955,0.017919348552823,0.040530811995268,0.0017663812031969,0.065264366567135,0.027654388919473,0.097301810979843,0.19102810323238,0.018593261018395,-0.051941990852356,-0.0018999695312232,-0.00058036163682118,0.10692435503006,0.018171535804868,-0.04830277711153,-0.07926769554615,-0.051139298826456,0.0054615261033177,0.089491493999958,-0.023022683337331,-0.030332310125232,-0.036866039037704,0.033631838858128,0.03080365434289,-0.034004140645266,0.042155280709267,0.074699148535728
-0.016261393204331,0.21560025215149,-0.0020722765475512,0.031831420958042,0.053746350109577,0.12032159417868,-0.020631670951843,-0.046482145786285,0.033715557307005,0.22746683657169,0.082254111766815,-0.065470337867737,-0.024752356112003,-0.11233308166265,0.10416570305824,-0.0021608273964375,0.0083891442045569,0.17946602404118,-0.018270991742611,-0.091997623443604,-0.013424042612314,-0.0470308996737,0.035643391311169,-0.11758907884359,0.16233170032501,-0.13390590250492,-0.047433469444513,0.068287797272205,0.04171646386385,0.023084571585059,0.074043564498425,0.067583031952381,0.010294632054865,0.046712256968021,0.093500874936581,-0.064434505999088,0.059248175472021,-0.073209322988987,0.18527084589005,-0.096050351858139,0.027588034048676,-0.13633355498314,0.061645712703466,-0.063837088644505,-0.078562997281551,-0.16167517006397,-0.046119779348373,0.11049431562424,-0.0094403298571706,-0.0013983120443299,0.12294215708971,0.16116569936275,-0.07712035626173,-0.02909572981298,-0.10420882701874,-0.013775362633169,0.034358695149422,-0.19033105671406,-0.084666527807713,-0.055117182433605,-0.084838569164276,-0.095949597656727,0.005445668939501,-0.11433492600918,0.018455542623997,0.13525901734829,-0.058798316866159,0.044901452958584,-0.12584944069386,0.097829580307007,0.0086110094562173,0.11584673821926,-0.052390415221453,-0.015565531328321,-0.050334151834249,-0.084377706050873,0.04704449698329,-0.035971410572529,-0.012946366332471,-0.023906806483865,-0.050127148628235,0.027731910347939,0.10479480773211,0.10476978868246,0.043606974184513,-0.004822947550565,-0.064807295799255,0.057006195187569,0.19414475560188,0.058460332453251,-0.053991921246052,-0.047097619622946,-0.01461214479059,0.063233308494091,-0.04235789552331,-0.16371549665928,-0.091025531291962,0.050002455711365,-0.10941348224878,-0.040485579520464,0.10892692953348,-0.0017696076538414,0.0069608776830137,0.0096860993653536,0.17509058117867,0.056023113429546,0.10721588134766,-0.0076725455000997,0.13274167478085,0.06904274970293,-0.0804663002491,0.020409010350704,0.011073344387114,0.13504859805107,0.069204315543175,-0.16530139744282,0.0057973628863692,0.11092911660671,0.10378348827362,0.027659265324473,0.11360209435225,-0.045845869928598,0.039935518056154,0.01575636677444,0.14009217917919,-0.050938926637173,0.15914259850979,0.034905757755041
-0.060508340597153,0.13559463620186,0.030616281554103,-0.054282203316689,0.082888200879097,0.15282210707664,0.0035810894332826,0.026200827211142,-0.08030766248703,0.29421892762184,0.051447045058012,-0.01541384216398,0.04359869658947,-0.14099253714085,0.090872198343277,0.040536865592003,-0.081262998282909,0.21737089753151,-0.012409957125783,-0.071351900696754,0.069650001823902,-0.047048360109329,0.06602693349123,-0.093835353851318,0.08474825322628,-0.021760877221823,-0.074414409697056,-0.037825621664524,0.087148137390614,0.0041485205292702,0.022488573566079,0.024238711223006,-0.026705013588071,0.030306249856949,0.11282025277615,-0.068940088152885,-0.023179855197668,-0.05008215457201,0.15455773472786,-0.079104043543339,0.016952697187662,-0.13855287432671,0.056585505604744,0.045346137136221,-0.14033207297325,-0.18759596347809,0.026767054572701,0.091812789440155,-0.064411722123623,-0.017053339630365,0.15011635422707,0.05101727321744,-0.16576692461967,-0.009788584895432,-0.050147108733654,0.014162380248308,0.079981602728367,-0.10386253148317,-0.068019144237041,-0.059188343584538,-0.048148438334465,-0.10501928627491,0.058085586875677,-0.03324443846941,0.10669765621424,0.022565292194486,-0.1253192871809,0.047508955001831,-0.071241267025471,0.12276247888803,-0.0047651138156652,0.175627425313,-0.03870515152812,-0.017064264044166,-0.081804774701595,-0.078914515674114,-0.016247197985649,0.048999167978764,0.041791681200266,-0.059569623321295,-0.033011972904205,0.0069093792699277,0.13196302950382,0.14711926877499,-0.042274825274944,-0.052110079675913,0.048573758453131,0.12497923523188,0.21948777139187,0.035788170993328,-0.05671875923872,-0.00635269517079,-0.062870062887669,0.038995243608952,-0.07618597894907,-0.13051399588585,-0.092363148927689,0.142851755023,-0.13157115876675,-0.00048413276090287,0.11239255219698,0.027513757348061,-0.005846637301147,-0.014229662716389,0.19531093537807,0.033751461654902,0.039946410804987,0.0075068692676723,0.1697558760643,0.024818250909448,-0.10332536697388,0.044804014265537,-0.0087964814156294,0.083997927606106,0.1114446669817,-0.079162813723087,0.048919834196568,0.060296904295683,0.028731005266309,0.057067271322012,0.11034003645182,-0.089900873601437,0.045526020228863,-0.03134798258543,0.024060271680355,0.0049680140800774,0.10378876328468,0.089634582400322
0.0086931940168142,0.14114412665367,-0.084470055997372,0.049457669258118,0.068830922245979,0.17842498421669,-0.017036871984601,-0.036387775093317,-0.029479920864105,0.19868928194046,0.071929171681404,0.013015754520893,0.034428406506777,-0.091607354581356,0.032346315681934,0.074701115489006,0.041074987500906,0.19077186286449,0.032568421214819,-0.05909575521946,0.09916514903307,-0.10087589919567,0.073344208300114,-0.060237370431423,0.14020971953869,-0.10842975229025,-0.068898007273674,-0.062236946076155,-0.00096765899797902,0.096780374646187,0.056742735207081,0.11156138777733,0.0194774530828,0.065102197229862,0.046200878918171,-0.039075762033463,0.048324048519135,-0.084583446383476,0.19739671051502,-0.077842526137829,-0.014373812824488,-0.11397321522236,0.1261730492115,-0.077456630766392,-0.072596177458763,-0.2175380885601,0.06072574108839,0.014926158823073,-0.029216604307294,0.021224353462458,0.17326873540878,0.035475257784128,-0.071230515837669,0.027903962880373,-0.04306373372674,0.044460948556662,0.11375686526299,-0.11908357590437,-0.048813685774803,-0.045916095376015,-0.056763462722301,-0.076311416924,0.038824189454317,-0.22864897549152,0.088744126260281,0.060687601566315,-0.092095576226711,0.03448098897934,-0.13003489375114,0.10531842708588,-0.018358819186687,0.15617123246193,-0.13681347668171,-0.038051538169384,-0.067621812224388,-0.015786066651344,0.096754260361195,0.0071977637708187,-0.053565539419651,-0.039557475596666,-0.11171502619982,0.022528503090143,0.11272164434195,0.12026380747557,-0.03311824426055,0.068719625473022,-0.032250519841909,0.0095929736271501,0.16226261854172,-0.0027447280008346,-0.089858345687389,-0.088529773056507,-0.046784542500973,0.065437756478786,0.0061723431572318,-0.075945310294628,-0.095877192914486,0.1457587480545,-0.12631773948669,0.037174567580223,0.085177630186081,-0.017315354198217,-0.02569941431284,0.098590232431889,0.1706390529871,0.063166275620461,0.039998278021812,-0.013796953484416,0.021158393472433,0.024067267775536,-0.19563812017441,-0.01739945448935,0.050425138324499,0.055142104625702,0.097227565944195,-0.077179409563541,0.061185009777546,0.066168636083603,0.068974129855633,0.1083722859621,0.10725775361061,-0.056857883930206,0.079311780631542,-0.017324771732092,0.055434301495552,0.0047393534332514,0.10747926682234,0.079131320118904
-0.027024468407035,0.19045509397984,0.0068662306293845,0.062419887632132,0.027278307825327,0.13173308968544,-0.033476211130619,-0.028975071385503,0.027778662741184,0.23282536864281,0.087329007685184,-0.062751866877079,-0.019894929602742,-0.12619644403458,0.10418738424778,0.020733263343573,-0.010623532347381,0.17577204108238,-0.0090514663606882,-0.084456980228424,-0.00093024788657203,-0.079547934234142,0.032703880220652,-0.0949537307024,0.1662799268961,-0.12475319951773,-0.061916600912809,0.033502873033285,0.015130931511521,0.0094344252720475,0.076126903295517,0.088563434779644,0.011908678337932,0.058141093701124,0.072481743991375,-0.04929031431675,0.056718155741692,-0.087300293147564,0.18294709920883,-0.098712362349033,0.039421550929546,-0.16548904776573,0.071469813585281,-0.092516921460629,-0.056451492011547,-0.19325822591782,-0.021827388554811,0.086139246821404,-0.020793678238988,-0.0052281464450061,0.13105270266533,0.12184318900108,-0.056920543313026,-0.012473980896175,-0.083896338939667,0.0046941861510277,0.050493087619543,-0.21314425766468,-0.057170324027538,-0.067031629383564,-0.084205269813538,-0.082519099116325,-0.018220454454422,-0.13354401290417,0.016958998516202,0.17315861582756,-0.052597478032112,0.032281741499901,-0.11862535774708,0.078147396445274,-0.018550328910351,0.11907848715782,-0.066513605415821,-0.010147785767913,-0.025423230603337,-0.082898370921612,0.056027140468359,-0.026800874620676,-0.017130887135863,-0.011670241132379,-0.057912856340408,0.015445958822966,0.10177483409643,0.087654583156109,0.026377083733678,0.046257525682449,-0.056896328926086,0.052676696330309,0.18685951828957,0.050301190465689,-0.058099623769522,-0.042630113661289,-0.011681582778692,0.068589203059673,-0.06545539945364,-0.1267454624176,-0.10047738999128,0.059661887586117,-0.10145562887192,-0.033029574900866,0.11335687339306,-0.029753023758531,-0.0012265552068129,0.010215411894023,0.20315425097942,0.070032589137554,0.10372094064951,-0.01040219143033,0.095815919339657,0.063399724662304,-0.12480372935534,0.027395810931921,0.030977176502347,0.083287410438061,0.081538610160351,-0.16275008022785,0.0094210393726826,0.10946518927813,0.10395736247301,0.024252563714981,0.12154237180948,-0.060111559927464,0.057384487241507,0.011367242783308,0.12990181148052,-0.026491148397326,0.15918825566769,0.054226484149694
0.049549929797649,0.015081827528775,0.070567436516285,-0.096557669341564,0.0085686622187495,0.06361386179924,0.0086285220459104,0.10367180407047,0.035851385444403,-0.11213345825672,-0.020450610667467,0.044286161661148,0.055625967681408,-0.087665274739265,-0.018934043124318,-0.013559013605118,-0.090124405920506,-0.14989726245403,-0.1728979498148,0.17659762501717,0.11382798105478,-0.021214470267296,0.047862034291029,-0.026729013770819,-0.08007749915123,0.039675358682871,-0.044461887329817,-0.063150264322758,0.00053784798365086,-0.037084069103003,-0.011034325696528,-0.057021997869015,0.046804774552584,0.12596094608307,-0.0034965351223946,-0.025318974629045,0.039532598108053,0.30898648500443,-0.063023202121258,-0.083855129778385,-0.042717222124338,-0.045212831348181,-0.023719821125269,-0.016942996531725,-0.022084584459662,-0.013677841983736,0.020829077810049,-0.025718668475747,-0.11718329042196,0.17685055732727,-0.094461739063263,-0.016358803957701,-0.061481561511755,0.10671156644821,0.15215873718262,-0.0730896666646,-0.099035672843456,0.033747550100088,-0.17585000395775,-0.14656890928745,-0.061930160969496,-0.070329062640667,0.12440505623817,-0.061744894832373,0.072294816374779,-0.020428366959095,-0.026844562962651,0.10327291488647,-0.099590457975864,-0.016413133591413,0.035014308989048,-0.044713709503412,-0.055123209953308,0.026560494676232,0.054481096565723,0.015158253721893,0.035389203578234,-0.04799484834075,0.12064688652754,0.12627993524075,-0.046278201043606,-0.062138352543116,0.016545902937651,0.0016521490179002,0.0023213913664222,-0.11665473133326,0.046380769461393,0.15512266755104,0.16892927885056,0.12633338570595,0.076028168201447,-0.19452281296253,-0.039839133620262,0.12634637951851,-0.066428318619728,-0.024523492902517,0.040588933974504,-0.017791263759136,-0.027233907952905,-0.019146719947457,-0.0058450917713344,0.00071052240673453,-0.16711159050465,0.026067234575748,-0.089047327637672,0.06804683059454,-0.048344429582357,0.033301960676908,0.080241784453392,-0.13921980559826,0.033740572631359,0.15722413361073,-0.12426021695137,0.10937854647636,0.1335524469614,0.050654642283916,-0.076249502599239,-0.020187377929688,-0.013421215116978,0.13705974817276,-0.033748626708984,0.10043791681528,0.087565027177334,0.080290742218494,0.13514116406441,0.0012720429804176,0.19529873132706,-0.093998365104198
-0.015152738429606,0.062580980360508,0.12940908968449,-0.12184786051512,0.086183145642281,0.1410129070282,0.0059169549494982,0.049580574035645,-0.011406282894313,-0.065059892833233,-0.0035398714244366,0.033696316182613,0.045141290873289,-0.10437132418156,0.047508589923382,-0.0035981491673738,-0.16971673071384,-0.067547887563705,-0.14850841462612,0.12166740000248,0.16133762896061,-0.015884852036834,0.0081882895901799,0.066294506192207,-0.0085041811689734,0.037983939051628,-0.065469048917294,-0.10273736715317,0.096369825303555,-0.044105395674706,0.028120262548327,-0.11590579897165,-0.03895515203476,0.090119391679764,0.063418783247471,0.042015664279461,0.022696424275637,0.16318242251873,0.0025496755260974,-0.068744242191315,0.06728184223175,-0.051628116518259,0.020112037658691,0.039582923054695,-0.070625275373459,0.0023628461640328,0.11656294763088,0.017601681873202,-0.18377462029457,0.05765188857913,-0.10981635004282,-0.074869111180305,-0.10713525116444,0.059663239866495,0.17834597826004,0.0058676167391241,-0.12704475224018,0.12772658467293,-0.18193505704403,-0.15039899945259,-0.055784441530704,-0.027965601533651,0.18228708207607,-0.044944692403078,0.11427453160286,0.029620626941323,-0.03658838570118,0.069039717316628,-0.06727210432291,0.046475052833557,0.029623424634337,0.074257299304008,-0.050195403397083,-0.017223343253136,0.11744786798954,0.014849284663796,-0.059006702154875,0.083031557500362,0.15904051065445,0.064670875668526,-0.024203028529882,0.066919513046741,0.050713989883661,0.040728729218245,-0.050036963075399,-0.055315468460321,0.10350378602743,0.19527089595795,0.10556796193123,0.12662428617477,0.14160487055779,-0.15287651121616,-0.039412628859282,0.06810387223959,-0.10852567106485,-0.08864887803793,-0.015368909575045,0.041146636009216,-0.0093300575390458,-0.02960910089314,-0.022180881351233,-0.049795210361481,-0.13341678678989,-0.025663016363978,-0.08418246358633,0.13322447240353,-0.059244439005852,0.066040351986885,0.064138226211071,-0.12181456387043,0.033514272421598,0.13003449141979,-0.12205429375172,0.073102556169033,0.15143844485283,0.058141622692347,-0.14196592569351,-0.0399479418993,-0.067578934133053,0.13048334419727,0.039512138813734,0.052476868033409,0.029917746782303,0.072608925402164,-0.0093030305579305,0.095696583390236,0.10234421491623,-0.050990518182516
-0.021472774446011,0.24861048161983,0.013173382729292,0.037421952933073,-0.0037075991276652,0.16391615569592,-0.052317228168249,-0.025131708011031,0.04057128354907,0.18463428318501,0.10977905243635,-0.074506856501102,-0.039447724819183,-0.14035533368587,0.092438034713268,-0.057250518351793,-0.02289174310863,0.1681973785162,-0.036155324429274,-0.1384846419096,-0.022258462384343,-0.038438327610493,0.060031320899725,-0.090443558990955,0.15204611420631,-0.1860860735178,-0.0017641105223447,0.037533450871706,-0.031215770170093,-0.017915004864335,0.10625170916319,-0.042219609022141,-0.022526510059834,0.057555116713047,0.075101137161255,-0.039202518761158,0.027058500796556,-0.093963980674744,0.11822202801704,0.022118059918284,0.015134451910853,-0.11660101264715,-0.011950182728469,-0.0097324196249247,-0.086398750543594,-0.15726280212402,-0.029336281120777,0.065632730722427,-0.030633026733994,0.048902127891779,0.16546837985516,0.14224395155907,-0.1386883854866,-0.02487001940608,-0.15621417760849,0.0067179217003286,0.02110705897212,-0.16417092084885,-0.039692923426628,-0.046189580112696,-0.074095360934734,-0.091872416436672,-0.0018077512504533,-0.14975734055042,0.05284108966589,0.0057169692590833,0.0081241298466921,0.037386327981949,-0.10270767658949,0.20840294659138,0.035800017416477,0.14100435376167,-0.024171816185117,-0.011266813613474,-0.067289642989635,-0.099775210022926,-0.006244458258152,0.0081814844161272,-0.058230124413967,-0.0026815682649612,-0.12044151127338,0.0033180131576955,0.088442228734493,0.093686245381832,-0.025663573294878,0.019564775750041,-0.03709389641881,-0.026414824649692,0.13556328415871,0.020239043980837,-0.097384609282017,-0.096652559936047,0.020702945068479,-0.012613529339433,-0.018786961212754,-0.17229382693768,-0.083896599709988,0.010731417685747,-0.1172533929348,0.008472453802824,0.02565118484199,0.03395964205265,-0.010060456581414,0.025910530239344,0.1959328353405,0.018361926078796,0.067580856382847,0.013357989490032,0.042395260185003,0.067121751606464,-0.086033672094345,0.01717590354383,0.029294364154339,0.12712337076664,0.035266596823931,-0.14853474497795,0.01482604816556,0.06905559450388,0.13926142454147,0.029847782105207,0.09888307005167,-0.021633585914969,-0.0031915712170303,0.064152903854847,0.20199413597584,-0.1032048612833,0.13077890872955,0.059913028031588
0.009061872959137,0.080860905349255,-0.15758980810642,-0.0082723693922162,0.0060150730423629,0.16491045057774,0.041528228670359,0.11049710214138,-0.048261865973473,0.20981742441654,0.10975738614798,-0.015202729031444,0.086715407669544,-0.034221522510052,-0.02739267423749,0.036538522690535,0.10027810186148,0.1242258399725,0.048288576304913,-0.066087335348129,0.13510811328888,-0.21113866567612,0.010513025335968,0.059993106871843,0.11201102286577,-0.022977875545621,0.0085905576124787,-0.096797920763493,0.11854536086321,0.030098684132099,0.082002714276314,0.061205666512251,-0.004267277661711,0.0092600928619504,-0.09127713739872,-0.033743474632502,-0.076320618391037,0.016862835735083,0.077675133943558,-0.063641287386417,-0.0068391570821404,-0.082393415272236,0.012111789546907,0.071864299476147,-0.030233480036259,-0.24975369870663,0.042706936597824,-0.018216719850898,-0.095728687942028,-0.14406195282936,0.078083664178848,0.032435826957226,-0.066283486783504,-0.050184458494186,-0.045829474925995,0.1273210644722,0.024705920368433,0.091684348881245,0.027018964290619,-0.12740238010883,-0.080711513757706,-0.083201393485069,0.14742392301559,-0.17547288537025,0.056166738271713,0.11926469951868,-0.05967653170228,0.018193360418081,-0.078003495931625,0.062050633132458,-0.073124662041664,0.10040376335382,-0.14542804658413,-0.051215969026089,-0.018454039469361,-0.062087096273899,0.089871369302273,0.098097123205662,-0.039080034941435,-0.067613542079926,-0.23288242518902,-0.0093379532918334,0.076084338128567,-0.020673239603639,-0.047306936234236,0.0208854470402,0.057846736162901,0.0017514982027933,0.1861763894558,-0.087728753685951,-0.058832533657551,-0.088608361780643,-0.0696105286479,0.0029292518738657,0.12620016932487,-0.048883385956287,-0.0097750127315521,0.1004404053092,-0.10048318654299,0.054258391261101,0.023197839036584,-0.021377110853791,-0.0049137724563479,0.11024452745914,0.0023630710784346,0.097034625709057,-0.02329377643764,-0.035467989742756,0.050789043307304,-0.17350882291794,-0.12175954133272,0.075068064033985,0.0063916300423443,-0.017314760014415,0.19587802886963,-0.043393027037382,0.0011908145388588,-0.071607403457165,0.16392868757248,0.10688954591751,0.037258554250002,-0.12725156545639,0.0017828377895057,-0.010648448951542,-0.036718983203173,0.062630243599415,-0.0030763309914619,0.063813619315624
-0.040458798408508,0.069738909602165,-0.06076342612505,-0.09429969638586,0.14850969612598,0.099262997508049,-0.0068667475134134,-0.032758615911007,-0.22988797724247,0.12241619080305,-0.050550486892462,0.015215518884361,0.086428627371788,0.12817524373531,0.1779371201992,-0.017253892496228,0.098077431321144,0.011395474895835,0.21455785632133,0.033150631934404,0.038456425070763,-0.043407440185547,0.12335465103388,-0.0035891544539481,0.075569286942482,0.01296410150826,-0.081534840166569,-0.1097611412406,0.094623647630215,0.076553650200367,0.045604482293129,-0.069106251001358,0.048453260213137,-0.078216075897217,0.064546652138233,0.088771305978298,-0.012158628553152,0.030785050243139,0.037366297096014,-0.032569266855717,-0.022717539221048,0.086676344275475,0.042132023721933,0.043458312749863,-0.19938443601131,0.15137650072575,0.16719029843807,-0.0020680073648691,-0.10111515969038,-0.082435078918934,-0.010507085360587,-0.025195891037583,-0.019444204866886,-0.055325075984001,0.054351918399334,0.069938585162163,0.035774271935225,0.18346418440342,-0.025059510022402,0.026778155937791,-0.062392938882113,0.047961380332708,0.083057083189487,-0.15603099763393,0.22677373886108,-0.0094202496111393,-0.074675694108009,0.086452960968018,-0.061254408210516,0.045104168355465,0.09357987344265,0.1851310133934,-0.10408031195402,-0.099400646984577,0.030089527368546,0.13229897618294,-0.064408466219902,0.061599932610989,0.11201657354832,-0.045013457536697,-0.12592512369156,0.0033672633580863,0.01256369240582,0.10925512760878,-0.048740960657597,-0.092092998325825,0.027647670358419,0.021907899528742,0.015780264511704,-0.038814093917608,-0.027182163670659,0.033056385815144,0.024761006236076,-0.0044848290272057,0.047723829746246,-0.14471064507961,0.052420191466808,0.19134895503521,-0.058845814317465,-0.023785959929228,-0.049800582230091,0.061644207686186,0.033001184463501,-0.048838138580322,-0.19905751943588,0.12279996275902,-0.04580644890666,-0.026634022593498,0.11343517899513,-0.016899717971683,0.030035763978958,-0.050545662641525,-0.018342822790146,-0.030048742890358,0.026925250887871,0.068526700139046,-0.042562317103148,-0.11120462417603,-0.080057255923748,0.16393999755383,0.016829634085298,-0.094058007001877,-0.079792968928814,0.0048373290337622,-0.11498893797398,0.12087339162827,-0.02350671030581,0.052088171243668
0.025837857276201,0.1516475379467,-0.034900862723589,-0.033412948250771,0.059310272336006,0.12788911163807,0.0096680782735348,0.00050872430438176,-0.14228212833405,0.30210521817207,0.089577861130238,-0.088178016245365,0.036086514592171,-0.0019853762350976,0.14799818396568,-0.039456728845835,0.049085233360529,0.23442317545414,0.059406172484159,-0.084521770477295,-0.041785378009081,-0.035916607826948,0.11212080717087,-0.13950569927692,0.086058214306831,-0.083544947206974,-0.034092515707016,0.030271826311946,0.03338586166501,-0.0089482022449374,-0.02305325679481,0.0066399555653334,-0.032910753041506,-0.0018087675562128,0.0920470058918,-0.03702836856246,-0.02706360258162,-0.038661409169436,0.11692190170288,-0.042612262070179,-0.055532272905111,-0.05656973272562,-0.030421555042267,0.034644607454538,-0.19410291314125,-0.061607968062162,-0.031113857403398,0.11447067558765,-0.048539444804192,-0.0048539079725742,0.18729230761528,0.16415591537952,-0.17796446382999,-0.024350294843316,-0.12938623130322,-0.027455439791083,0.099027737975121,-0.11138889938593,0.018119636923075,0.0005477768718265,-0.039734058082104,-0.069202162325382,0.020224526524544,-0.068698242306709,0.08428169041872,0.0073175067082047,-0.073077328503132,0.10613875091076,-0.055635251104832,0.18900384008884,0.063031882047653,0.15798781812191,0.014070830307901,-0.025866318494081,-0.1257321536541,-0.090829372406006,-0.021220557391644,-0.00093594164354727,0.024366335943341,-0.092189267277718,-0.065798439085484,-0.028912790119648,0.05882140994072,0.056693181395531,-0.018175421282649,-0.06439433991909,-0.022072682157159,0.013422859832644,0.19251951575279,0.035039037466049,-0.069946929812431,0.00289341295138,-0.0034775850363076,-0.022917790338397,-0.026658913120627,-0.20128339529037,-0.027822257950902,0.1015160754323,-0.11026611924171,-0.027321694418788,0.084520280361176,0.12794658541679,0.06950456649065,-0.027043797075748,0.13593102991581,0.013345872983336,0.04418047145009,-0.0016202445840463,0.18575230240822,0.039426397532225,-0.036956176161766,0.034275781363249,0.045161299407482,0.10006991773844,0.052828010171652,-0.11552127450705,0.061724159866571,0.018169932067394,0.070769719779491,0.0050125257112086,0.066526271402836,-0.13108120858669,0.018456870689988,0.027275256812572,0.12263346463442,-0.076191656291485,0.11774721741676,0.069715075194836
-0.010718944482505,0.16799679398537,-6.5595872001722e-05,0.090536244213581,-0.11432852596045,0.12240982800722,0.011465542018414,0.018420746549964,0.097154594957829,0.15557853877544,0.086043417453766,-0.13466511666775,-0.006997131742537,-0.063710629940033,0.031981125473976,-0.095689885318279,-0.035340916365385,0.13287937641144,-0.015708388760686,-0.078426703810692,0.043335054069757,-0.16419471800327,-0.11617029458284,0.00085262500215322,0.13086159527302,-0.12730959057808,-0.13811059296131,0.02377231605351,0.026622124016285,0.033870328217745,0.083264894783497,0.096064366400242,-0.03784242272377,0.035263698548079,0.046777341514826,0.0048948717303574,-0.032074201852083,-0.040801059454679,0.05773850902915,-0.16308864951134,-0.009167255833745,-0.17698012292385,-0.027297617867589,-0.04119149595499,0.08197345584631,-0.19137088954449,-0.055371399968863,0.092100463807583,-0.067124366760254,-0.067037224769592,0.037888150662184,0.18880023062229,0.039453990757465,-0.04605670645833,-0.020097760483623,0.055483859032393,-0.07340732216835,-0.13734924793243,0.012692940421402,-0.18863266706467,-0.039717052131891,-0.023164480924606,0.030946880578995,-0.090530402958393,-0.07912278175354,0.22786527872086,0.058879286050797,-0.045425500720739,-0.1129422262311,0.067432209849358,-0.040167227387428,-0.00032577160163783,-0.053539514541626,0.0043671769089997,-0.063447773456573,-0.1364753395319,0.069096773862839,-0.073954068124294,0.02027796395123,0.013941408134997,-0.10933595895767,0.016438327729702,-0.0096286982297897,-0.080841980874538,0.064065836369991,0.0078956680372357,-0.074118815362453,-0.015735954046249,0.24378499388695,0.094611123204231,0.0077055646106601,-0.060717660933733,0.049836829304695,0.0023340799380094,-0.051412079483271,-0.08167128264904,-0.033083528280258,-0.032434061169624,-0.029592650011182,-0.024118885397911,0.15700669586658,0.056658111512661,-0.007512204349041,-0.059118025004864,0.058734152466059,0.12176042050123,0.084726348519325,-0.058945011347532,0.072227381169796,0.035890258848667,-0.037714440375566,0.036457613110542,-0.083735816180706,-0.038229025900364,0.12800289690495,-0.12823659181595,0.051399707794189,-0.0097033875063062,0.20467361807823,-0.032570406794548,0.07940698415041,-0.11038299649954,0.069553978741169,0.024637760594487,0.11360281705856,-0.0021054239477962,0.20756085216999,0.016145402565598
-0.020493820309639,0.14633111655712,-0.016459727659822,0.006092625670135,-0.0023011090233922,0.054240640252829,0.10879331827164,0.14160649478436,0.015755224972963,0.20250332355499,0.067844152450562,-0.091909103095531,0.054567560553551,0.02956635132432,0.10344821959734,-0.1692611426115,0.17215107381344,0.1411676555872,0.068472430109978,-0.031411439180374,0.01117860712111,-0.14768980443478,-0.07489937543869,0.0069533321075141,0.086526863276958,-0.13720817863941,-0.1335567086935,0.048428736627102,0.12939342856407,0.0088027352467179,0.081464447081089,-0.0011514330981299,0.046913117170334,-0.016951678320765,0.039323531091213,-0.03630044311285,0.055036142468452,0.051101751625538,0.0056335348635912,-0.13439680635929,0.051000505685806,-0.0078988596796989,-0.02622558362782,-0.020976465195417,-0.095664456486702,-0.14421717822552,-0.052477691322565,0.036109503358603,0.0027623628266156,-0.12807948887348,-0.034888166934252,0.17268578708172,-0.038061942905188,-0.037201900035143,-0.034525934606791,0.075438350439072,-0.037003215402365,-0.058112438768148,-0.025947155430913,-0.11527043581009,-0.096974782645702,-0.054432291537523,-0.001368175027892,-0.15414021909237,0.0042391838505864,0.14782835543156,0.064102210104465,-0.053294651210308,-0.10631757974625,-0.011438453570008,0.043108701705933,0.019126271829009,-0.050345998257399,-0.0083097973838449,-0.028837081044912,-0.032766863703728,0.039985075592995,0.051303084939718,0.093104690313339,-0.11858465522528,-0.26251298189163,0.036316838115454,0.060834180563688,0.041230268776417,0.16416911780834,-0.037939980626106,-0.0091480072587729,0.047109991312027,0.24126008152962,-0.009915360249579,-0.024436715990305,-0.047270279377699,0.080641284584999,-0.064580611884594,0.059663522988558,-0.2497500628233,0.0300546400249,0.024662740528584,-0.13540802896023,-0.0091700153425336,0.034147005528212,0.092846244573593,0.079846300184727,-0.0095551591366529,-0.048329129815102,0.12953169643879,0.11009312421083,-0.086512945592403,0.16073627769947,-0.011904376558959,-0.035725843161345,-0.045558355748653,-0.081433109939098,0.022746032103896,0.077820137143135,-0.11530137807131,0.056604731827974,-0.1308139115572,0.12469416111708,0.019880877807736,0.0044058212079108,-0.0935383066535,-0.069460347294807,0.057316940277815,0.047785941511393,-0.0071508390828967,0.091846577823162,0.034307513386011
-0.017901765182614,0.26001060009003,0.037504270672798,0.012158810161054,0.009044935926795,0.21647375822067,-0.040508490055799,0.03761588409543,-0.0049881562590599,0.19311928749084,0.055948104709387,-0.10132290422916,0.0050741238519549,-0.18064258992672,0.11922470480204,-0.0057845064438879,-0.025864170864224,0.12246245145798,-0.048014372587204,-0.1292373239994,0.049782205373049,-0.070649467408657,0.089536674320698,-0.063316680490971,0.13572989404202,-0.19859871268272,-0.069836892187595,-0.040313124656677,0.022873565554619,-0.023400478065014,0.14821161329746,-0.020570268854499,-0.029428048059344,0.059626124799252,0.081283405423164,-0.038309901952744,0.028674978762865,-0.060578681528568,0.11242402344942,-0.014815378002822,0.0015957251889631,-0.15001115202904,-0.0068526449613273,-0.029899084940553,-0.064399644732475,-0.10617011785507,0.012329327873886,0.067817471921444,-0.11469303071499,0.035833444446325,0.14516517519951,0.13080583512783,-0.098552152514458,-0.045160945504904,-0.13087069988251,0.012424482963979,0.075893446803093,-0.15464949607849,-0.016439842060208,-0.10557822138071,-0.083354040980339,-0.051001559942961,-0.0194938108325,-0.18983200192451,0.074836872518063,0.010843249969184,-0.015857046470046,0.061820834875107,-0.12566742300987,0.18220072984695,0.01510210800916,0.15098115801811,-0.10384353995323,-0.045603353530169,-0.032156974077225,-0.055005118250847,-0.017612800002098,0.053853515535593,2.7379162929719e-05,0.061311580240726,-0.13836169242859,-0.032739356160164,0.087342455983162,0.1100861504674,-0.011973468586802,0.032344434410334,-0.030111495405436,-0.0028633582405746,0.12593023478985,0.03349095582962,-0.078850612044334,-0.076088830828667,-0.019583763554692,0.020384103059769,-0.048239927738905,-0.13060899078846,-0.042638301849365,0.088514797389507,-0.15140695869923,0.0050246575847268,0.075421921908855,0.030892349779606,-0.05088023096323,0.048435062170029,0.15304438769817,0.025198651477695,0.040267400443554,0.032099951058626,0.091649077832699,0.027938069775701,-0.11579070240259,0.035653587430716,-0.0044605880975723,0.055480696260929,0.096001662313938,-0.072517849504948,-0.043412309139967,0.051193494349718,0.10252584517002,0.10763402283192,0.092192009091377,-0.037654466927052,0.0083230389282107,0.064619913697243,0.156723305583,-0.05860872939229,0.13343439996243,0.053866684436798
0.054315056651831,0.13851597905159,0.018697451800108,0.072755746543407,-0.052827369421721,0.14105361700058,0.010727531276643,0.077383972704411,-0.092423722147942,0.20658577978611,0.11057548224926,-0.11005418747663,-0.024607244879007,-0.084487169981003,0.13450983166695,-0.11878380179405,0.031662505120039,0.14018476009369,0.092928931117058,-0.066744416952133,-0.034662514925003,-0.12875080108643,0.055967409163713,-0.051337223500013,0.14336316287518,-0.14759734272957,0.00034769077319652,0.0028163196984679,-0.030769670382142,-0.064606323838234,0.034156303852797,-0.091409184038639,-0.0042872992344201,0.029356615617871,0.069776207208633,-0.0360904969275,-0.028873411938548,-0.052706342190504,0.038375437259674,-0.12473974376917,-0.023451920598745,-0.13712783157825,-0.054449822753668,0.024024654179811,-0.1287607550621,-0.088276326656342,-0.038746792823076,0.061369445174932,-0.10441441088915,0.017220554873347,0.12266564369202,0.16587516665459,-0.068582594394684,-0.031753215938807,-0.066970691084862,-0.0051048193126917,-0.0018144226633012,-0.13195714354515,0.024148220196366,-0.081820651888847,-0.050401624292135,-0.067923791706562,0.012432508170605,-0.13350094854832,0.076856479048729,0.10615390539169,-0.018577130511403,0.0016896192682907,-0.12213599681854,0.13954241573811,-0.0004092761373613,0.083747342228889,-0.038318298757076,-0.038289304822683,-0.071507886052132,-0.10712729394436,0.053055185824633,0.0073575871065259,0.057910431176424,0.028918387368321,-0.18646092712879,-0.13076908886433,0.026658119633794,-0.037888802587986,0.022450335323811,-0.038570694625378,-0.064364716410637,-0.011889998801053,0.19500559568405,0.071732364594936,-0.024448044598103,-0.0307551715523,0.016215121373534,-0.010613702237606,-0.049576751887798,-0.17290964722633,0.029012886807323,0.022921143099666,-0.072465866804123,-0.053378026932478,0.066642612218857,0.13058044016361,0.032087400555611,-0.092044226825237,0.11610204726458,0.075074903666973,0.1244190633297,-0.0025411720853299,0.11713850498199,-0.00052476557902992,-0.033903896808624,0.049262918531895,0.050358455628157,0.018298046663404,0.11054597049952,-0.13623642921448,0.049757812172174,0.0027948901988566,0.16260577738285,0.030287452042103,0.033048186451197,-0.15338176488876,-0.0042724176310003,0.061793077737093,0.22304017841816,-0.048408567905426,0.24175408482552,0.038893051445484
-0.027030300348997,-0.034149114042521,-0.041803598403931,-0.036928437650204,0.019068142399192,0.10949786752462,0.11277132481337,0.037874910980463,-0.011903340928257,0.12046983093023,0.0190594419837,0.013032044284046,0.14211817085743,0.12016392499208,0.1196351647377,-0.11086278408766,-0.0024552126415074,-0.025062140077353,0.066894054412842,0.04611324891448,0.029534313827753,-0.16904337704182,0.0034889250528067,0.051338754594326,0.014220642857254,-0.00033934632665478,-0.14398612082005,-0.12358444184065,0.077363133430481,0.035600747913122,0.086543075740337,0.0086259683594108,-0.008424517698586,-0.064071625471115,-0.0069961887784302,0.054630942642689,-0.057501748204231,0.18321268260479,-0.0090406704694033,-0.066017098724842,0.023169476538897,0.02771895006299,-0.158004373312,-0.028332367539406,-0.12720088660717,-0.11927527934313,-0.037045706063509,-0.014222161844373,0.025889476761222,-0.15976306796074,-0.14583106338978,-0.020573498681188,0.089561074972153,-0.037336844950914,0.0022612505126745,0.078910559415817,-0.058969240635633,0.19483901560307,-0.070645980536938,-0.087948217988014,-0.12875227630138,0.00039828303852119,0.13306911289692,-0.1362763941288,0.075575157999992,0.23963113129139,0.087321616709232,0.079829722642899,-0.082199208438396,-0.14556507766247,0.046218007802963,0.11677695065737,-0.045317430049181,-0.034101411700249,0.051850244402885,0.06299552321434,-0.042009603232145,-0.13308915495872,0.13666059076786,0.057349413633347,-0.13833397626877,-0.055085320025682,-0.0099528692662716,-0.030131151899695,0.032310746610165,-0.08637274056673,0.092839986085892,0.064696349203587,0.11851525306702,-0.10297123342752,0.020981689915061,-0.043428130447865,0.16389454901218,0.051741328090429,-0.045942772179842,-0.20013354718685,-0.0040462128818035,-0.010167825967073,0.034389469772577,0.048762418329716,0.037685215473175,-0.039518442004919,-0.024662181735039,-0.050627551972866,-0.15570546686649,0.16592380404472,0.028313681483269,-0.098037049174309,0.098922550678253,-0.035219013690948,0.014225939288735,0.053214967250824,-0.044744107872248,-0.061025984585285,0.072288505733013,0.095107108354568,-0.12281116098166,0.0068733338266611,-0.015617221593857,0.065645858645439,-0.048543468117714,-0.17534551024437,-0.090300619602203,0.01887677796185,-0.05171711742878,0.16817981004715,-0.088467113673687,0.045613430440426
0.0038980732206255,-0.033138923346996,0.020738791674376,-0.044429108500481,-0.039571486413479,0.24741742014885,0.034694280475378,0.045478124171495,0.053422380238771,-0.10475803911686,0.047139812260866,0.075891971588135,0.072303228080273,-0.045875374227762,-0.020047644153237,-0.14008566737175,-0.18340249359608,0.012373557314277,-0.10872650146484,-0.030291102826595,0.11425366252661,-0.042241763323545,0.015811696648598,0.1873247474432,-0.027078203856945,-0.075111053884029,-0.024690521880984,-0.15436710417271,-0.077628284692764,-0.0045195487327874,0.075705379247665,-0.10809128731489,-0.044278472661972,0.068453706800938,-0.034223411232233,0.022794222459197,-0.069078169763088,0.011560254730284,-0.074562035501003,0.086045980453491,0.11247279495001,-0.047036338597536,-0.11560817062855,0.04250069335103,-0.1183752194047,-0.22153869271278,0.022154508158565,-0.051888346672058,-0.057591930031776,0.059413090348244,-0.045863762497902,-0.15248548984528,0.03494144231081,0.07090137898922,0.041422206908464,0.12015954405069,-0.03009475953877,0.20758910477161,-0.063413038849831,-0.12855108082294,-0.095013670623302,0.087781995534897,0.16541665792465,-0.12993112206459,0.014485822990537,0.046950146555901,0.10747254639864,-0.0088069224730134,-0.085980847477913,0.055530872195959,0.011915242299438,0.035733189433813,-0.010325380600989,-0.02075901068747,0.092628799378872,0.042550414800644,-0.10896168649197,-0.10330708324909,0.032296366989613,0.06433641910553,-0.095430992543697,0.021738011389971,0.076264522969723,-0.027323650196195,-0.11439397186041,0.099884510040283,0.15040454268456,-0.026319043710828,-0.038265764713287,-0.014450678601861,0.071167334914207,-0.2281406968832,0.082757532596588,-0.031889889389277,-0.090298794209957,-0.068734467029572,-0.11260145157576,-0.011427148245275,0.023469353094697,0.090450696647167,0.049128510057926,-0.017093658447266,-0.045941948890686,0.043427236378193,-0.02206833101809,0.075487360358238,-0.080608680844307,-0.023684239014983,-0.23148185014725,-0.080634258687496,0.030973119661212,0.067769505083561,0.016756143420935,-0.070824444293976,0.0043790619820356,0.12520371377468,-0.094955451786518,0.012582466937602,0.041791830211878,0.09966417402029,0.081650726497173,-0.15698017179966,-0.079733371734619,-0.029266284778714,-0.027474546805024,0.1413259357214,-0.079033523797989,0.080763526260853
